{
    "final_w": 10.410373675750265,
    "final_b": 22.189739319867574,
    "final_loss": 929841.3824639799
}