{
    "final_w": 8.263273563587909,
    "final_b": 22.79972910469838,
    "final_loss": 3985268.436207581
}