{
    "final_w": 8.347779173910387,
    "final_b": 5.3274681409398,
    "final_loss": 4350607.1408154145
}