{
    "final_w": 7.463539600174918,
    "final_b": 12.70342280165181,
    "final_loss": 4944438.123629047
}