{
    "final_w": 14.182388108912818,
    "final_b": 20.77997390285025,
    "final_loss": 16857.663832271428
}